StudentID,LastName,FirstMidName
1969592,Assinder,Thor
2267793,Hardwich,Alisa
7506355,Pole,Tabb
2036988,Rendell,Egan
5064637,Beastall,Coraline
3290201,Finan,Max
5906784,Kee,Curtis
3093194,Kirkman,Raphaela
5305701,Bonnette,Oliver
1062821,Witch,Christabella
6615802,Briscoe,Del
6848887,Rodder,Quintana
7711688,Argue,Lonni
6564733,Jonk,Charil
4795192,Pardon,Eula
3595565,Le Maitre,Sig
4454850,Gager,Dwayne
3243054,Himsworth,Robenia
2085588,Chevin,Amitie
6877257,Kieff,Durward
7133097,Mewes,Renado
8770129,Clair,Alexander
5674549,Hurtado,Loy
1585198,Idle,Cosimo
4164087,Ceresa,Theressa
3609533,Filipic,Torre
1077089,Rounsefell,Gwenore
6030535,Varcoe,Celie
3969232,Aisman,Tamqrah
3127718,Danels,Kev
1317450,Slator,Nichol
3943728,Kiddell,Burtie
5808318,Martine,Zarah
5447060,Hassekl,Joellen
1446246,Castiglioni,Genny
6310518,Bowerman,Ive
2262938,Pendlington,Yancey
2156660,Matterface,Trenna
1534814,Fermer,Davita
5309849,Huxster,Robinett
2180164,Copcott,Lilia
5555907,Cassells,Carlene
3804665,Tinkler,Early
3407985,Celier,Correna
4763064,Tidd,Ulric
1394131,Leyton,Wilma
8743482,Rickeard,Hillary
3863512,Dorling,Pia
3304316,McEnteggart,Rodge
2124208,Royle,Jacintha
4991432,Desaur,Zonnya
3801189,Cona,Noell
1604947,Files,Jamaal
7614412,Lilleman,Augusto
3513927,Shirland,Stillmann
3116541,Shervil,Carlos
1422936,Skip,Kissie
3955053,Divis,Osgood
8386274,Guillem,Madalyn
8349866,Warboys,Gregg
2559828,Kighly,Harold
6120980,Shortcliffe,Fabien
3698474,Leyman,Myer
6990479,Rives,Ursala
7735202,Haysom,Ray
1838433,Shuker,Caesar
2543815,Crumpe,Shandra
3163425,Seywood,Thomas
3302038,Rannald,Eb
7156942,O'Cannon,Anatol
8270758,Jagiela,Waring
4178022,Hothersall,Guilbert
6742000,Pietersma,Ashleigh
7775145,Naul,Siegfried
1102145,Golightly,Effie
2461635,Frenzel;,Mendy
8726026,Pierson,Saba
7805272,Bris,Hadlee
3982655,Ladell,Valdemar
5562701,Wornham,Michel
6331630,Klewer,Carine
6159437,Mabb,Shelby
4998680,Henrichs,Una
5840348,Seeney,Alic
5056370,Calderhead,Claudette
6029465,Gibbonson,Charles
6740250,Climar,Benjie
1217526,Casacchia,Bevvy
8448282,Dallaway,Nevsa
5468369,Philliskirk,Antoinette
8321945,Grigorio,Rourke
6854400,De Bischop,Riannon
2751262,Van Arsdale,Eden
7573209,Brockett,Diahann
2607639,Leggitt,Darn
3752129,Drance,Bendix
2538856,Petriello,Andie
4304990,Grievson,Maurene
8056408,De Beneditti,Jim
1031868,Djurdjevic,Bard
4886457,McNeilly,Jodee
8664069,Itshak,Gene
7644737,Bartolomeu,Griffy
3836747,Skudder,Roxane
7582588,Anderer,Tish
6399309,FitzGeorge,Fanni
4399304,Gabits,Daron
4390073,Colston,Nancy
2047594,Worsham,Ado
8743493,Ceely,Berrie
3707948,Hutchison,Randi
1830104,Belbin,Ivan
6947310,Strete,Tabbi
5375651,Hovenden,Edyth
8540654,McGuckin,Ofilia
1692589,Arnely,Emmey
4327754,Huglin,Bradford
4841341,Saylor,Bertrand
8233002,Rivlin,Chad
8891346,Kimberley,Wolfie
1054514,Goff,Ev
1509811,Yakobowitch,Kacey
3960035,Emons,Saree
6452734,Scambler,Forrester
1256882,Levett,Geraldine
3510982,Glascott,Gilberte
4646816,Aguirre,Flora
1966582,Neely,Domenic
2671116,Lennox,Marge
6068435,Whipp,Hewie
4017549,Moorhouse,Dorena
2017806,Stilgo,Terry
7879499,Blamire,Brynna
4557059,Sheavills,Reyna
2300593,Sjollema,Amalita
6570288,Mawhinney,Rollie
6583006,Eyers,Stan
1361328,Sowman,Cristin
8238150,Meedendorpe,Rodney
2397504,Wase,Loraine
3003129,Maplethorp,Daisi
4410651,Carp,Johnathon
1763874,Feehan,Ferd
1002048,Rutledge,Davon
5632836,Tracy,Granny
5481097,Ellicock,Benedicta
3736640,Valerio,Claribel
1252984,Blazynski,Charmaine
6090838,Farbrother,Hartwell
6920334,Bollard,Rochette
6269736,Challis,Deeyn
2838046,Pepall,Avis
1466502,Boldison,Cinnamon
8867165,Putley,Danie
3612259,Romagosa,Evelyn
8532025,Kleinmann,Lethia
8023067,Schultze,Freida
1750333,Jakubovitch,Bunni
1480145,Stanlike,Anica
2120987,Flewan,Em
3036762,Brawson,Marty
3824569,Geraldini,Alta
7690834,Duffill,Tommie
1050494,Dibsdale,Rancell
1893749,Lamp,Dennison
1086743,Brimfield,Melisse
7003946,Barca,Sada
6799262,Flowerdew,Gussie
4143047,Ducket,Jasun
3260515,Routham,Dolli
1275659,Andrieux,Dedie
2669794,Surman,Etty
2227239,Filyaev,Charmion
7843881,Tingle,Nonie
4111064,Vannuccini,Kerri
6248635,Shovelbottom,Shandra
8875792,Godsal,Abbott
1581826,Streetley,Dorris
5096313,Nix,Franz
4681273,Wilsone,Laurice
4497525,Cardenosa,Quintus
6777288,Cawse,Randene
6719227,Hodgin,Hedi
1789090,Pickwell,Guss
7897584,Febry,Elyssa
4225922,Guiver,Clara
2502174,Hurley,Courtenay
1014357,Philcott,Asia
2335192,Sponton,Rasia
4040490,Kinnear,Dillon
7249958,Benditt,Phedra
6198479,Rudloff,Margalit
4919527,Andreuzzi,Rickard
8754659,Stebbings,Chase
3833721,Bentame,Kriste
5131591,Robbel,Obidiah
5267490,Antognelli,Aretha
7680257,Ribbon,Nat
3572662,Corro,Christabella
6938723,McGorley,Chandler
1101375,Kingscote,Amalle
6024147,Grayshan,Brantley
6615443,Hazzard,Meggy
1172652,Armfield,Paton
4706950,Berndsen,Elane
7457272,Jordine,Tammara
8705352,Gilman,Jordan
5449733,Oleszcuk,Karylin
2278802,Butte,Lucille
6665452,Seifenmacher,Lorianne
8276428,Hawkey,Doll
7953098,Threader,Adore
1645223,Maddie,Thibaud
2376458,Cubbin,Federica
2982672,Toulson,Ogdon
4242843,Beeck,Ram
3364564,Sewell,Stacee
4451250,Condon,Guntar
5954429,Ulyat,Bancroft
2140254,Valance,Bobbe
8571799,Clemetts,Danita
8020953,Coxon,Annabell
6653053,Lapidus,Karole
8730141,Whatham,Jenni
6168033,Labroue,Fabien
6701188,Giblin,Coreen
1873626,Perulli,Wallache
5764549,Jakubovski,Herminia
4549967,Druce,Carolyn
1691184,Lamberteschi,Thorndike
5975149,Steinor,Yvon
8441254,Osmint,Corrie
2973138,Seedull,Bidget
2803329,Allewell,Asa
6842501,Tedstone,Ericha
1411392,Haddleston,Seymour
6619749,Farrah,Mae
7475381,Ternouth,Pammie
6598019,Dobsons,Daffi
7427044,Fludder,Tanny
1008021,Tome,Hadrian
7229761,Issacof,Rikki
8795920,Pellamont,Noble
5318868,Ruppelin,Lotty
1147541,Henriet,Miltie
8830712,Uebel,Yettie
2848184,Vercruysse,Leta
7128289,Benedito,Irwinn
8989446,Dreigher,Herby
7890790,Boucher,Julee
8996336,Cristea,Franchot
8605945,Hudspeth,Muire
6597654,Stailey,Bernita
5204537,Caldairou,Shaun
4532259,Croizier,Hazlett
7723975,Dalligan,Jeanie
4279485,Brooksbie,Ezekiel
8186174,Morgan,Lira
7514839,Brahan,Mariette
5467788,Barthelmes,Lacey
4560485,O'Howbane,Fancie
5531449,Paramore,Jonathon
1460097,Daud,Allen
5177782,Grayne,Ramsay
1792169,Papez,Sharon
1144128,Fairholm,Blondy
6073232,Pickance,Jaime
5989955,Grutchfield,Emmye
6648349,Toovey,Hildagarde
7697393,Duxbarry,Raddy
8671546,Stroder,Trev
1931748,Jori,Ethelda
5260904,Torri,Bren
1413727,Reeveley,Sherline
2328069,Abrahamsohn,Stormie
7795722,Malicki,Jermaine
3921478,Baroc,Cariotta
5444831,Brandenburg,Madeline
6563675,Browning,Delly
7563667,Glamart,Friedrick
4236918,Scrowston,Nona
4842451,Lorriman,Kora
4453190,Cammock,Colby
5009219,Astell,Adore
7562023,Viant,Viviana
7405717,Wharrier,Tome
8541759,Murname,Clareta
3466104,Lujan,Sutton
3909602,Szymonowicz,Annecorinne
5825435,Westgarth,Marisa
7566477,Odda,Grannie
8766727,Jankin,Elvis
2107390,Freddi,Renell
3772589,Baker,Cindelyn
8686783,Gynn,Nance
2978658,Yaakov,Zachariah
2760621,Crucetti,Gert
7603917,Greensted,Winnah
8422611,Wheelwright,Holly
3084856,Steanyng,Sella
4403048,Reven,Lenard
8792376,Larn,Carson
4223997,Risborough,Standford
5906403,Adlam,Katine
4992994,Hazard,Marissa
1838298,Witton,Deanna
3036743,Wrate,Alec
2587477,Lawtie,Davide
8134824,Laudham,Bendix
4522078,Ewington,Randa
8067643,Broderick,Roman
2659393,Quilleash,Byrom
2774463,Rydzynski,Heath
7087858,MacCorley,Jazmin
6721566,Eva,Pavlov
2603739,Jaggli,Teena
7955436,Anderer,Ravid
8789476,McVie,Bird
7867161,Machan,Matias
3662626,Blumsom,Livvyy
4357548,Mosby,Hildegaard
6115127,McLardie,Lilllie
1134590,Corrao,Katrine
4885744,Ecob,Cross
2060857,Yvon,Esmaria
5142460,Treadwell,Rayner
2714587,Copes,Claudianus
7901682,Station,Gray
3661423,Fitchell,Sharl
8992118,Diego,Papageno
5985227,Saundercock,Diann
6602798,Charman,Web
7513524,Berthelmot,Eydie
1306052,Pelosi,Prisca
8437329,Cowden,Loise
2148585,Bucktrout,Hansiain
3088745,Beckensall,Drake
7826349,Hallock,Zorana
7267838,Gash,Herb
7238372,Plaister,Dorolisa
5972099,Winteringham,Anallese
6354046,Oylett,Ashla
6674797,Stollenhof,Dorelle
6445337,Lockwood,Rachel
2248895,Egdell,Abbe
7521722,Essberger,Lawton
2446968,Scuse,Sascha
1584904,Foote,Erv
2608660,Immer,Antonio
8811261,Ryam,Fanechka
3975461,Kiendl,Carline
4601845,Hurll,Nataline
2604688,Klimmek,Isobel
1951919,Aindrais,Desiri
6105987,Joyes,Rhonda
2137748,Marie,Madeleine
1742312,Lawleff,Henry
7245139,Abatelli,Jamie
6968729,Rubin,Blondie
3717384,Buffy,Emmye
6343231,Dowdell,Tarrance
4860895,Jozwik,Ramsey
3288079,Gunson,Aluino
7653746,Dallas,Almire
4529451,Sedger,Jobey
2483390,Gillow,Bret
6472557,Laurance,Jennie
2421310,Greeding,Karil
6189093,Cowdery,Lexie
2455755,Harbor,Robinett
8967747,McKmurrie,Willi
5102170,Arzu,Harp
8571990,Morcombe,Pavel
6692743,Spear,Faustine
2264274,Webb-Bowen,Renee
3593264,Ryde,Fiann
7070617,Gresser,Griz
4741442,Cullivan,Diena
1174822,Goucher,Giselle
5026274,Gayton,Calypso
8756518,McArdell,Lura
6651237,Mertin,Micah
6687619,Kohnert,Norri
1533951,Jobbins,Elga
4149156,Dyerson,Myrtle
1155269,Delap,Nariko
7667471,Simmgen,Gui
7471380,Burgot,Maye
5334262,Beteriss,Nelie
8692194,Hessentaler,Harriot
7931405,Minghetti,Stephie
8703327,Duberry,Elvis
2165729,Warden,Arabele
8161565,Elverstone,Arlene
2957955,Strowlger,Corly
2642937,Thiolier,Thornie
2294353,Kohnemann,Selle
3521966,Bills,Robinson
8745434,Mowday,Glenine
5269974,Di Biasi,Godwin
4781882,Polak,Frannie
8478728,Lisett,Herta
1240369,Crighton,Chadwick
1893744,Byng,Fleming
6762525,Ben,Sileas
2316258,Morrad,Carmelle
1942082,Polglaze,Torrence
2741778,Cornew,Jodie
5051487,Gamble,Linet
7622074,Boase,Rozelle
6860806,Wogdon,Natasha
6775428,Serrell,Madel
5447946,Wallbrook,Jessee
5992695,Ferron,Mariann
7202921,Ecclestone,Martynne
1229391,Farley,Tito
4256917,Millgate,Wilek
3714845,Legat,Cornela
4832021,Fruish,Emmy
7574945,Carlone,Donia
1371990,Kowalski,Jennica
3848678,Sheals,Shandee
6268403,Garz,Lotte
1715030,Lejeune,Lizabeth
1322524,Dwelley,Joan
2472685,Vigietti,Nesta
1435380,Herley,Lanna
8960180,Cowsby,Jacquenetta
1765186,Frude,Trisha
7812291,Lamey,Daron
6407373,Bradnock,Suzann
2979352,Brandham,Nessy
4218985,Tollow,Roselia
7735629,Fergie,Frayda
8878760,Sapshed,Jacqueline
4283599,McGray,Hadria
5048315,Aucourte,Daniela
1358600,MacCurtain,Sophronia
4488304,Ghilks,Murvyn
6298144,Lyte,Lauralee
5659466,Sibborn,Regan
2990005,Walkden,Malissia
3466023,Rimbault,Libbey
7885606,Donald,Sterling
2875173,Grogan,Rafaela
7482121,Casbourne,Tucky
2457152,Gianneschi,Kym
5979181,Tommei,Katherina
3164485,Maraga,Ashla
8084138,Lyven,Deny
8502738,Brooking,Michal
8669896,Edgeson,Laurianne
4080019,Seiler,Rosella
2217543,Hinkins,Daren
6346346,Wren,Giordano
2414759,Elphinstone,Renaldo
2338595,Label,Heather
2074020,Halwell,Ranee
6022122,Cinelli,Karlen
2165546,Vickerstaff,Claudian
2279831,Divall,Georgi
1430764,Elvy,Timothy
2993290,Cancellieri,Gabriellia
5214387,Rudkin,Tulley
1821231,Marini,Dahlia
6103519,Gun,Martha
2906368,Manhare,Aubry
4464722,Hubbocks,Dominica
2646543,Danilewicz,Alikee
4331910,Midgely,Marsha
2432046,Pellissier,Odelle
8009010,Boschmann,Seka
2289312,Oxford,Clayborn
2450756,Lynett,Selina
7334846,De Fries,Lynelle
8913157,Mariotte,Karalee
2735318,Springer,Karlene
7001703,Ilyasov,Wilona
4209722,Klulik,Luciano
8757886,Pace,Kaylee
6641600,Noice,Georgette
7571507,Hurles,Sinclair
1805796,Gauch,Marcile
4008755,Shipcott,Sayres
5398674,Jiru,Thayne
1920365,Dibdin,Abagael
8453597,Duhig,Michelle
8067877,McNuff,Cammy
5547226,O' Borne,Anni
8650331,Dankov,Mortie
5294653,Lippiatt,Hyacinthia
2953472,Scruby,Hetti
1488378,Taverner,Sidonia
1608058,Hullbrook,Adolphe
5572734,D'Aeth,Fanechka
4175933,Stockford,Haydon
7610746,Scoines,Susie
4172550,Skeleton,Hortense
1839028,Abells,Bobby
1731891,Henrichs,Welsh
7932336,Gerault,Cordi
7083837,Godfray,Ali
7688582,Hegley,Ricki
6954294,Pache,Christin
1972451,Fernez,Drake
4947934,Corkill,Borden
8777829,Spawton,Daphna
7483946,Georgi,Theressa
4199431,Caruth,Grissel
7375746,Izzat,Bogey
7640628,Braham,Ulises
3726292,Chastang,Shaine
4751194,Ruffli,Eachelle
5053359,Coniam,Lambert
3410332,Piers,Chiquita
7330392,Chismon,Rubina
8549241,Fitzsimmons,Melesa
6506847,Cade,Giacinta
6250654,Janusik,Bibi
6618277,Bernuzzi,Krissie
6029532,Sergant,Fred
7923535,Moehle,Kalil
7261390,Pollen,Jenni
4818941,Simmon,Blanche
2212766,Potter,Ogdon
5681938,Filimore,Giorgi
8604470,Spradbrow,Rudd
1887302,Lilbourne,Shannon
5075102,Paulet,Broderick
7305638,Roddell,Ricard
6480179,Strover,Celka
4872253,Zorzi,Linnie
4048015,Stairs,Jeramie
7192919,Cawthry,Aleda
4029431,Zisneros,Aileen
8829763,Wansbury,Jorrie
3068417,Long,Mufinella
1522525,Woollett,Theresita
5435625,Keith,Romy
8053856,Blick,Herrick
7425563,Wandless,Tyler
1276616,Bryceson,Sax
4720806,Seeler,Debee
5835245,Duffell,Gabrila
8881750,Willson,Don
3399056,L'Hommeau,Derby
1648622,Bewlay,Kelsi
4994311,Marle,Stefan
7387660,Coggin,Clerissa
7372745,Ladon,Lind
5510863,Alty,Tawsha
1953638,Thyng,Glynda
6419506,De La Salle,Berton
1566318,Viger,Felix
6279452,Neaves,Wayland
3220120,Gilluley,Shelly
6405899,Baribal,Barbee
7696412,Canet,Gilli
8218789,Covill,Suzanne
2467069,Newis,Reinaldo
1766702,Fann,Tish
8870645,Penhall,Farrell
6841781,Sayers,Pryce
3894574,Smales,Roth
6048027,Yeoman,Sharl
6864691,Huston,Tulley
1599171,Neward,Ardenia
2230415,Dunridge,Ralina
5197378,Cheson,Evey
3150583,Ioselev,Herminia
2478227,Guiden,Marshal
5499873,Aristide,Lem
7203494,Howood,Jakie
6936160,Giacomasso,Daveta
6595987,Polgreen,Margette
8168668,Bleakman,Amerigo
4801995,Brundall,Borden
8191667,Morgon,Randy
7319753,Greig,Claudell
5548554,Olfert,Ezequiel
3748468,Mangan,Robinia
7949413,Arnau,Olav
7085860,Gwatkin,Etta
4046679,Gunningham,Zaria
8096591,Goghin,Susie
2504117,Mordan,Thelma
4522314,Buckler,Ulberto
8152498,Clemendet,Emmeline
5905855,Horrod,Bone
2942789,Balston,Evanne
8519817,Goldster,Norrie
2418694,Padwick,Mela
8210354,Ledwich,Rochester
4439710,Doy,Issi
6327135,Le land,Henderson
2864552,Bolduc,Hobart
5073720,Wearne,Denys
8283822,Spancock,Almeria
6276010,Pasby,Philippine
8341107,Hanscombe,Dorolice
5006338,Knowlden,Victoria
8797031,Routham,Elizabet
3600655,Gerok,Shamus
5216446,Fairney,Halimeda
7041559,Worms,Karlene
1153562,Groven,Averill
3526609,Brimner,Drugi
8555103,Bielfeld,Jarvis
4378059,Folonin,Benedicto
7544603,Siss,Hermina
1628654,Dysert,Adelaida
4735332,Balshen,Modesta
5012081,Devenny,Minni
5928743,Ripon,Munroe
7624316,Beekman,Milly
6385466,Tedder,Ivar
1366708,Holwell,Lannie
2800423,Harvey,My
3603708,Gennings,Bordy
3074659,Shovell,Carlyn
3685722,Merrigan,Lucie
5731690,Moy,Judah
6860722,Urvoy,Salem
4535684,Anstice,Adelle
5667874,Egre,Avivah
1118224,Breward,Andonis
7151068,Wikey,Milly
5239314,Crosio,Wang
1804508,Ching,Miles
7240693,Minor,Kathie
1463829,Redsull,Lynn
8020574,de Verson,Barbabas
3615866,Dasent,Abbie
6310562,Etchingham,Jamesy
8855982,Gulliman,Maureen
3124930,Godbald,Miquela
2545334,Wapple,Pippo
8778283,McAllen,Adeline
7904281,Rose,Fidel
2220884,Greenhalf,Krissy
7829933,Ceeley,Carmelita
7298299,Tribe,Putnem
6263437,Gaddie,Naoma
6723661,Colwill,Cherianne
6201521,Corneck,Godart
4408996,Guerner,Felita
1868708,Ranyard,Darb
8305348,Comino,Hagen
5007068,Tummond,Albertine
3051551,Egdal,Jarib
3618773,Jarrel,Flss
5905715,Roseby,Kingston
6119020,Laxen,Amie
7437747,Beentjes,Micheal
8562309,Ames,Cozmo
6824727,Rizzelli,Hyacinthia
8491789,Hurdidge,Clive
3195646,Maltman,Anna-diana
3045153,Schruyers,Idalia
6155931,Sinnatt,Gaven
5687465,Blenkinsopp,Emiline
8497776,Simoncini,Marcy
7545778,Renvoys,Jordain
5895692,Keld,Gertrudis
7811984,Sivior,Honey
1123274,Harmant,Shaun
6847219,Schoffel,Alia
4649004,Ambler,Simonette
2431607,Allden,Donovan
5894113,Gyse,Gabbi
8600092,De Zuani,Rachelle
7664407,Griffiths,Pepito
6881571,Danslow,Manfred
2436534,Bubb,Jeffy
1659418,Jerman,Ab
4476047,Burris,Troy
6338137,Clawley,Franzen
3889899,Aylin,Emmie
6460659,Gourlay,Bertram
2181963,Grishakin,Edgardo
8694028,Dickenson,Moira
2653738,Stooke,Griff
6196607,Saynor,Janelle
2529360,Isaak,Quintin
7886884,Jarrard,Killy
2692897,Calyton,Ilaire
4249125,Kitteringham,Scarlett
1135842,Stickland,Alick
4990433,Bleythin,Lennie
4194720,Poore,Norrie
2777972,Kopman,Charlotta
7701788,Mapstone,Winni
2808223,Clulee,Shelley
4046732,Kettlewell,Aubert
7040356,Hullock,Shara
6069892,Glandfield,Lodovico
2409893,Kentish,Biddie
8366544,Guillerman,Rudie
3096765,Croizier,Janean
3067278,Gratland,Aaren
2676791,Thieme,Ophelia
6058506,Simenet,Leanor
5710137,Casterot,Kerry
3239283,Dunstan,Ariel
6892088,Crathorne,Jodie
1189777,Nelthrop,Andre
3881610,Leebeter,Jordon
7864632,Barajas,Jeniece
4876072,Ettels,Che
7504558,Roblou,Cally
1087086,Arndt,Aurelea
7683845,Seyfart,Damien
6923314,Lohrensen,Daniele
6977248,Burchatt,Fanechka
7322677,Canet,Pearce
3943052,Caffrey,Rockey
3956098,Budgett,Baryram
8307841,Avesque,Arne
6553466,Clemmensen,Rivalee
1491568,Armor,Minne
5013360,MacKissack,Nanete
1586117,Flippini,Moreen
2903878,MacArte,Natka
3831482,Hardeman,Merl
6037707,Kirwan,Park
4308266,Ellerman,Starla
7096633,Revelle,Jeana
7305752,Rickson,Buddie
6579540,Gilderoy,Selene
2966611,Culter,Abigael
2216550,Cahen,Leanna
5734498,Lunney,Alford
6657368,Cake,Gabby
5910133,Dabner,Imogen
2926916,Antoniou,Margaretha
3450174,Crehan,Catherin
4233738,Hollyland,Gwen
8844947,Armstrong,Therese
7793600,Prewett,Manny
7451285,Duggen,Evita
1843908,Cobbledick,Stevana
7397673,Bonney,Rickie
8513305,Bruckenthal,Bud
6247159,Chancelier,Myrle
2179815,Denziloe,Modesty
5081234,Gollin,Norbert
5131736,Ianilli,Ginger
5515341,Kemmet,Terese
8093750,Kill,Rozella
5356937,Pennycord,Ilyse
1757121,Bosanko,Irvine
3187886,Baugham,Saleem
6019675,Michieli,Benoite
6798029,Rigate,Georgeta
4628266,Issitt,Daryl
5200893,MacVaugh,Andros
3736307,Ciccottini,Veriee
8076882,Restorick,Mellisa
1414114,Annott,Gracia
5086790,Bartolommeo,Rafaelia
8755509,Ham,Jerrine
7918394,Jakes,Felicle
6661565,Danne,Colet
5825888,Van Arsdalen,Trace
8926915,Van Son,Lily
2202686,Wikey,Thomasine
3144803,Lovart,Quillan
3166148,Normadell,Hester
3810828,Ure,Marta
5997519,Ashbee,Toma
3835861,MacCallister,Tadeas
1786071,Flint,Chastity
4591124,St. Quentin,Lilllie
6441471,Muehle,Hi
5856924,Priest,Omero
7500351,Bumpass,Alick
4186091,Gravells,Karita
8533347,Wisden,Jarib
6261739,Uden,Riannon
3025762,Chidler,Aloise
2973132,Gabbett,Rubetta
8780312,McFetridge,Ravi
2806985,Truder,Charlotte
2738703,Garfoot,Gray
3373082,Leftridge,Aron
5177084,Tockell,Jackson
1661004,Peplow,Madelin
2471909,Chancelier,Gannon
3531929,Gluyus,Lenard
7312798,McClory,Olva
7150069,Pencot,Darelle
7333801,Rooper,Bradley
4640025,Lafont,Theresita
2564301,Ege,Cathee
7745763,Buckney,Paulie
5016781,Hairyes,Gretel
8554237,Praton,Mario
2384913,Keddey,Everett
7365589,Boullin,Daron
7402780,Sheffield,Ettore
8036038,Lace,Helga
1837002,Halle,Elbertine
5418877,Kurt,Mariele
6078023,Vaskin,Gwenette
5400115,Czajkowski,Chelsae
3243485,Daughtery,Fredia
8499175,Trayte,Yanaton
5138689,Mapp,Jerrilee
1676763,Starrs,Dierdre
7622994,Camings,Brendin
4324180,Donaher,Ivette
6836702,Mathewson,Hewie
6382928,Twyford,Dena
5429871,Batram,Silvan
8415964,Haquin,Nickie
4111885,Leak,Orren
3627199,Coughan,Fulton
8735509,Razoux,Zacharie
2577632,Dewdney,Shay
7828135,Ducker,Christie
6453913,Luffman,Danika
4211758,Putnam,Julieta
2905458,Lynthal,Vilhelmina
5915043,Alcott,Billy
6091958,Tetther,Annabel
1007171,Lochhead,Courtney
4219708,Elwyn,Tully
3673706,Brimner,Catherine
1444466,Scay,Gabriel
1006725,Maryet,Adina
4880252,Beckey,Harrietta
2546107,Deeson,Neely
3222238,Shemwell,Spenser
7558384,Dameisele,Delphine
6878486,Patry,Lucie
5271037,Kear,Gustavo
7723536,Condit,Tobi
2039050,Dunning,Augy
6938582,Lammiman,Marla
5314086,Recke,Christos
8844364,Fane,Nevsa
7673998,O' Cloney,Kory
4141878,Bohden,Merry
5704944,Schirach,Beatrice
3684981,Fawcitt,Doralynne
1470004,Hibbart,Filia
6455399,Callicott,Celka
4138026,Rolling,Darby
3262832,Golly,Agathe
6440882,Pillman,Teddi
6632863,Magog,Belle
3099897,Ivanyushkin,Zora
8810803,Kenealy,Vasilis
1210467,Staddart,Hollis
3534866,Dumpleton,Garey
6912281,Lacky,Pebrook
1920101,Abdon,Cherilyn
5078522,Hallet,Libbie
7026787,Feary,Denny
7748359,Romero,Sigfrid
3511600,Merriman,Nonah
7912215,Richardsson,Shirleen
7304042,Josefsohn,Johnathan
2881922,Muffen,Marcellus
7821721,Owenson,Karil
2827294,Riccelli,Tiffany
3233429,Adriani,Trish
6783986,Schaumaker,Skylar
5224113,Wackly,Tuesday
5625621,Speeks,Demeter
8798577,Schroter,Danny
1876093,Jinkin,Josefa
5923923,Boundy,Julietta
3308681,Meriet,Wilek
7392620,Feary,Grete
6202483,Surmeir,Tedi
7120813,Tomaskov,Worthy
3883107,Jarnell,Marja
6937226,Sowerby,Faulkner
4388565,Skoyles,Courtnay
7959097,Wyldbore,Alena
7119208,Wapple,Kerrill
8055425,McGaraghan,Kellen
2576995,de Clerk,Jacquelin
4172636,Haggidon,Conan
5099964,Antoshin,Brit
3282711,Donet,Garry
7023651,Terry,Sergeant
5352226,Edmott,Benetta
6644046,Bullivant,Kippar
4216982,Huett,Thorn
1475806,Woolfenden,Maxie
2625609,Laurence,David
8175571,Chamney,Barron
7402998,Ahlin,Ivar
5835091,Iacapucci,Seka
6240528,Savage,Tammie
8346235,Clurow,Chelsie
7884070,Patzelt,Daphna
4968271,Tibbs,Nisse
4760568,Lere,Meryl
6238364,Jakubovicz,Briney
3075433,Bartaloni,Camel
5480057,McReynold,Maxy
8440296,Senogles,Alexa
2442365,Corain,Annadiane
3953676,Dewsbury,Price
6881773,Lyddon,Kaycee
1840798,Couvet,Peyter
3407272,Champerlen,Glory
6488273,Lilleman,Garold
7078109,Coopland,Marcellus
7854492,Chidzoy,Andy
8731741,Dumphry,Dianna
3485058,Solloway,Selby
3862066,Measey,Guinna
3430589,O'Nolan,Marion
6476860,Goodge,Kort
1490316,Tokley,Pet
5872678,Becerra,Cris
1946193,Cawt,Yasmin
5362183,Kunrad,Georgiana
6693390,Banaszkiewicz,Pietro
5602767,Belliveau,Callie
8440500,Stuckford,Briana
6855660,Holleworth,Susette
7754481,Trubshaw,Cassondra
8661696,Prate,Christen
8225263,Gerlack,Kerri
4990013,Thiolier,Yard
6560480,Bowmen,Koo
7539530,Mallinder,Barbara-anne
3786970,Sundin,Chris
7069434,Passler,Cele
1247676,Stoll,Beryle
5193664,Tooker,Rouvin
2361833,Westmore,Roze
1375854,Sartain,Jemmy
2214122,Chatfield,Uta
6724748,Yarrington,Christos
4517791,Egle of Germany,Hinda
1876552,Bernardeschi,Marcy
3130677,Cowhig,Fernande
5663897,Crisp,Ginnie
4790705,Marquez,Frankie
6353137,Thoresbie,Tamra
3450206,Petrescu,Zechariah
2417694,Genicke,Lodovico
2143269,Cavaney,Reece
7210100,Rodson,Dehlia
7699039,Chesworth,Korry
8414600,Kilian,Etta
8173166,Pasterfield,Lammond
3128618,Danelutti,Johan
7216802,Baton,Bili
3640788,Rourke,Corbet
7889689,Jodkowski,Kelcie
3493167,Barukh,Darsie
3117713,Boolsen,Camille
3151197,Poundsford,Justinn
1076570,Crowhurst,Calypso
8818278,Downey,Vitia
4144124,Ewers,Lottie
1905487,Kay,Louise
4866874,Bortolomei,Germain
1342469,Cornwall,Becka
2679558,Prandy,Lawton
2588551,Januszewicz,Rupert
6178530,Wolstenholme,Olivier
8459742,Armitage,Caroljean
6847777,Pummery,Yevette
2561677,Lared,Pip
1490440,Gurnett,Tressa
2990997,Laye,Olvan
2490404,McEvilly,Mal
2040587,Fley,Karry
2742215,Matiebe,Sheela
5767440,Lace,Findley
7576612,Carlile,Petronille
6715969,MacKonochie,Wilone
2559496,Smedmoor,Darelle
2400361,Vooght,Ravi
5765054,Howis,Yetta
2488852,Terbruggen,Kaela
6380286,Eminson,Mayor
5234397,Everett,Alina
5452099,Bendson,Genia
6011000,Berggren,Armand
4071905,Kirkpatrick,Natty
8822422,Driutti,Cornie
7819327,Tarpey,Annalise
7472020,Ebenezer,Demetris
3238375,Buxcy,Mayne
1400694,Mantrup,Hershel
5927484,Atley,Maddalena
6374122,Fronzek,Byrle
8113506,Ellerey,Kissie
5353923,Hackwell,Teressa
2930133,Bathurst,Conney
2295843,Gommowe,Jerrie
